<?xml version="1.0" encoding="UTF-8" standalone="no"?><TaskList Version="2.0"><Task Active="false" ConnectorKind="local" CreationDate="2013-04-25 14:41:30.871 +0800" DueDate="" EndDate="" Estimated="0" Handle="local-6" Kind="task" Label="give a proper flow Diagram of Configuration Parsing" LastModified="now" MarkReadPending="false" ModificationDate="" Notes="1. What's the current situation?&#13;&#10;2. What it really should  be&#13;&#10;3. " NotifiedIncoming="true" Owner="local" Priority="P3" Reminded="false" RepositoryUrl="local" ScheduledEndDate="2013-04-27 23:59:59.999 +0800" ScheduledStartDate="2013-04-21 00:00:00.0 +0800" Stale="false" TaskId="6" offlineSyncState="SYNCHRONIZED"/><Task Active="false" ConnectorKind="local" CreationDate="2013-04-25 14:14:23.51 +0800" DueDate="" EndDate="" Estimated="0" Handle="local-4" Kind="task" Label="Config File parsing" LastModified="now" MarkReadPending="false" ModificationDate="" Notes="1. File name: zmonitor.xml&#13;&#10;2. Location : system properties, Servlet context resources, classpath resources&#13;&#10;3. scanning of classpath: /META-INF/zmonitor/* for custom configuration&#13;&#10;4. based on 3, new module can define it's own custom configuration parser.&#13;&#10;5. based on 3, new module can prepare a default configuration declaration.&#13;&#10;6. unknown declaration in zmonitor,xml will be ignored(cause it might referenced to a custom module).&#13;&#10;" NotifiedIncoming="true" Owner="local" Priority="P3" Reminded="false" RepositoryUrl="local" ScheduledEndDate="2013-04-27 23:59:59.999 +0800" ScheduledStartDate="2013-04-21 00:00:00.0 +0800" Stale="false" TaskId="4" offlineSyncState="SYNCHRONIZED"/><Task Active="false" ConnectorKind="local" CreationDate="2013-04-25 14:12:46.710 +0800" DueDate="" EndDate="" Estimated="0" Handle="local-3" Kind="task" Label="ZMonitor - A Java Application Sequence Monitor through Logger" LastModified="now" MarkReadPending="false" ModificationDate="" Notes="" NotifiedIncoming="true" Owner="local" Priority="P3" Reminded="false" RepositoryUrl="local" ScheduledEndDate="2013-04-27 23:59:59.999 +0800" ScheduledStartDate="2013-04-21 00:00:00.0 +0800" Stale="false" TaskId="3" offlineSyncState="SYNCHRONIZED"><SubTask Handle="local-2"/><SubTask Handle="local-5"/></Task><Task Active="false" ConnectorKind="local" CreationDate="2013-04-25 14:03:28.946 +0800" DueDate="2013-04-28 00:00:00.0 +0800" EndDate="" Estimated="0" Handle="local-2" Kind="task" Label="Configuration framework draft" LastModified="now" MarkReadPending="false" ModificationDate="" Notes="Given an implementation of configuration infra of zmonitor, this implementation must satisfy these requirements:&#13;&#10;0. Provide a methodological structure and utilities for modules to implement.&#13;&#10;1. Is able to extend, newly added module can define it's own configurations under &lt;zmonitor&gt; element.&#13;&#10;2. Support some kind of auto scan mechanism to preload  custom configuration(e.g. java 1.6 ServiceLoader)&#13;&#10;" NotifiedIncoming="true" Owner="local" Priority="P3" Reminded="false" RepositoryUrl="local" ScheduledEndDate="2013-04-27 23:59:59.999 +0800" ScheduledStartDate="2013-04-21 00:00:00.0 +0800" Stale="false" TaskId="2" offlineSyncState="SYNCHRONIZED"><SubTask Handle="local-4"/><SubTask Handle="local-6"/></Task><Task Active="false" ConnectorKind="local" CreationDate="2013-04-25 14:31:20.445 +0800" DueDate="" EndDate="" Estimated="0" Handle="local-5" Kind="task" Label="Monitoring API Refactoring - change message to Object" LastModified="now" MarkReadPending="false" ModificationDate="" Notes="" NotifiedIncoming="true" Owner="local" Priority="P3" Reminded="false" RepositoryUrl="local" ScheduledEndDate="2013-04-27 23:59:59.999 +0800" ScheduledStartDate="2013-04-21 00:00:00.0 +0800" Stale="false" TaskId="5" offlineSyncState="SYNCHRONIZED"/><TaskCategory Handle="Uncategorized" Name="Uncategorized"><TaskReference Handle="local-3"/></TaskCategory></TaskList>